Category,Series_Entity,Short_Name,Long_Name,UUID
"Earth Observation Satellites","AD (Atmospheric Dynamics)","AD-A","Atmosphere Dynamics A (Explorer 19)","0e03a1c5-1d20-46ae-9041-94d1ff77783f"
"Earth Observation Satellites","AD (Atmospheric Dynamics)","AD-B","Atmosphere Dynamics B (Explorer 24)","fd3a7054-3aec-41ea-a281-3edba4f9f313"
"Earth Observation Satellites","AD (Atmospheric Dynamics)","AD-C","Atmosphere Dynamics C (Explorer 39)","23be0822-1db5-4bf6-bf28-f6bd36754ac3"
"Earth Observation Satellites","AD (Atmospheric Dynamics)","","","d1bbc871-749b-4759-bf4f-f8349f8b4020"
"Earth Observation Satellites","ADEOS (Advanced Earth Observing Satellite)","ADEOS-II","Advanced Earth Observing Satellite-II","5d00fc17-cf10-4d1b-b871-07099d0b728a"
"Earth Observation Satellites","ADEOS (Advanced Earth Observing Satellite)","ADEOS-I","Advanced Earth Observing Satellite-I","359bcfa1-966f-4d2b-a48d-ac12165d250f"
"Earth Observation Satellites","ADEOS (Advanced Earth Observing Satellite)","","","119b40ad-749c-4ff6-af9b-1e9696f78dd8"
"Earth Observation Satellites","AE (Atmosphere Explorer)","AE-A","Atmosphere Explorer A (Explorer 17)","5a2b20fa-89d3-4cfc-b186-fbc29113e910"
"Earth Observation Satellites","AE (Atmosphere Explorer)","AE-B","Atmosphere Explorer B (Explorer 32)","65bdc896-7ed5-4d22-8b15-df0914b5be69"
"Earth Observation Satellites","AE (Atmosphere Explorer)","AE-C","Atmosphere Explorer C (Explorer 51)","f62c196b-8ec3-40e8-a824-6849e5a496f2"
"Earth Observation Satellites","AE (Atmosphere Explorer)","AE-D","Atmosphere Explorer D (Explorer 54)","3516fe07-9d51-42f3-b635-b6a5001e1d6c"
"Earth Observation Satellites","AE (Atmosphere Explorer)","AE-E","Atmosphere Explorer E (Explorer 55)","340b5b79-16c4-4cb7-9476-5cbab3efd834"
"Earth Observation Satellites","AE (Atmosphere Explorer)","","","96dcdb2e-3861-4a4b-97f4-764fd117a0f1"
"Earth Observation Satellites","AEM (Applications Explorer Mission)","AEM-1","Applications Explorer Mission-1","cb310a29-01bb-4b52-8ff2-52dbfda7d050"
"Earth Observation Satellites","AEM (Applications Explorer Mission)","AEM-2","Applications Explorer Mission-2","a796345a-53d4-400d-ba32-e7c7eaa1a1cc"
"Earth Observation Satellites","AEM (Applications Explorer Mission)","AEM-3","Applications Explorer Mission-3","7921a2bb-f13b-43ce-ad18-cfce4f3deb9c"
"Earth Observation Satellites","AEM (Applications Explorer Mission)","","","b1337c5b-c705-42c0-bc07-97689734253c"
"Earth Observation Satellites","AEROS","AEROS-1","","6164d877-53a0-4ba2-b73a-9dfb363474c9"
"Earth Observation Satellites","AEROS","AEROS-2","","df8ac2e0-810a-4671-b2dc-c031487d14ee"
"Earth Observation Satellites","AEROS","","","52aef8fa-ae6a-451a-a227-d109a6605cf6"
"Earth Observation Satellites","ALOUETTE","ALOUETTE-1","","4f800938-81f5-4478-bb05-54915f641b70"
"Earth Observation Satellites","ALOUETTE","ALOUETTE-2","","080e9bc1-058f-4eab-b7ce-009b323299ca"
"Earth Observation Satellites","ALOUETTE","","","5981d335-9b9d-4043-a963-f71a678384ee"
"Earth Observation Satellites","ATS (Advanced Technology Satellite)","ATS-1","Advanced Technology Satellite-1","5f78a0f6-bd07-4cbf-9e13-4ad44aeb4ac3"
"Earth Observation Satellites","ATS (Advanced Technology Satellite)","ATS-2","Advanced Technology Satellite-2","1190ffd3-586f-46a5-bf9b-e7bf16281edd"
"Earth Observation Satellites","ATS (Advanced Technology Satellite)","ATS-3","Advanced Technology Satellite-3","6988684a-7e7c-48a7-a1c3-2586dddd1fd4"
"Earth Observation Satellites","ATS (Advanced Technology Satellite)","ATS-4","Advanced Technology Satellite-4","cb8e56df-863a-41a6-a389-237a9725ae8b"
"Earth Observation Satellites","ATS (Advanced Technology Satellite)","","","14b369b6-19d4-41fe-b1bc-27807ecb666d"
"Earth Observation Satellites","BE (Beacon Explorer)","BE-B","Beacon Explorer-B","f18c5acb-6318-4d40-bda2-459ec09c57f5"
"Earth Observation Satellites","BE (Beacon Explorer)","BE-C","Beacon Explorer-C","b0376960-fe7c-4117-8da6-d56a124d09bf"
"Earth Observation Satellites","BE (Beacon Explorer)","","","74cf41a6-464f-44bf-ba05-1535200d6354"
"Earth Observation Satellites","CARTOSAT","CARTOSAT-2A","","16ee6fd3-565f-49b4-8b6e-73c4f8858e01"
"Earth Observation Satellites","CARTOSAT","CARTOSAT-2","","71ccf8e3-7b1f-418d-9bc0-0ead78ec75ee"
"Earth Observation Satellites","CARTOSAT","","","b65c6b10-a648-4a7c-9af1-71506ed9bb13"
"Earth Observation Satellites","CBERS (China-Brazil Earth Resources Satellite)","CBERS-1","China-Brazil Earth Resource Satellite 1","0303de56-025a-416c-8a2e-ac14979dc455"
"Earth Observation Satellites","CBERS (China-Brazil Earth Resources Satellite)","CBERS-2B","China-Brazil Earth Resource Satellite 2B","274b7618-c580-4466-8a63-f79b0beb778c"
"Earth Observation Satellites","CBERS (China-Brazil Earth Resources Satellite)","CBERS-2","China-Brazil Earth Resource Satellite 2","808fa0c2-1d97-4347-a5dd-2b285000c6f2"
"Earth Observation Satellites","CBERS (China-Brazil Earth Resources Satellite)","CBERS-3","China-Brazil Earth Resource Satellite 3","064b3481-8a82-4c2b-9d59-86eda10cff53"
"Earth Observation Satellites","CBERS (China-Brazil Earth Resources Satellite)","CBERS-4","China-Brazil Earth Resource Satellite 4","8551bdde-6ae3-459f-a903-ec1ce7fab5d9"
"Earth Observation Satellites","CBERS (China-Brazil Earth Resources Satellite)","","","2b68d69c-e4c8-4194-8db6-8b9002607fb6"
"Earth Observation Satellites","COSMOS","COSMOS 1500","","04bda92c-0e4f-4e60-82d0-2242b14ce0c4"
"Earth Observation Satellites","COSMOS","COSMOS 49","","8491e067-951e-4cba-9619-d376b5c628a0"
"Earth Observation Satellites","COSMOS","","","0aee28fe-1c74-4743-8855-003bc1075174"
"Earth Observation Satellites","DE (Dynamics Explorer)","DE-1","Dynamics Explorer-1","59dcd28c-9bd0-4b00-a68c-d892c68bf614"
"Earth Observation Satellites","DE (Dynamics Explorer)","DE-2","Dynamics Explorer-2","1bc7b5ee-93b6-4bc4-b340-89507104d33f"
"Earth Observation Satellites","DE (Dynamics Explorer)","","","74bd6271-10ce-428d-8368-4abbd12da55f"
"Earth Observation Satellites","DIADEM","DIADEM-1C","","5edd7e9b-8b22-438a-b2e2-2c708bd0ac9c"
"Earth Observation Satellites","DIADEM","DIADEM-1D","","143a5181-7601-4cc7-96d1-2b1a04b08fa7"
"Earth Observation Satellites","DIADEM","","","4a21b488-a0ed-4b11-9b7a-a32e123b555e"
"Earth Observation Satellites","DMC-1G (Disaster Monitoring Constellation- 1st Generation)","ALSAT-1","","5ec20355-ec48-41cf-9020-9d094af549e6"
"Earth Observation Satellites","DMC-1G (Disaster Monitoring Constellation- 1st Generation)","BEIJING-1","","05d8035f-176b-451a-a52b-43d2cc6286bb"
"Earth Observation Satellites","DMC-1G (Disaster Monitoring Constellation- 1st Generation)","BILSAT-1","","144d9185-4435-4cb3-8f09-b3f569eb3a33"
"Earth Observation Satellites","DMC-1G (Disaster Monitoring Constellation- 1st Generation)","NIGERIASAT-1","","cf904fd3-2fba-40b8-9950-4e200b83a919"
"Earth Observation Satellites","DMC-1G (Disaster Monitoring Constellation- 1st Generation)","UK-DMC","","2a79b3d1-6417-4ec7-bf03-ac03f0b45266"
"Earth Observation Satellites","DMC-1G (Disaster Monitoring Constellation- 1st Generation)","","","591c05ef-9b21-4c96-84b5-33f95cca3ab7"
"Earth Observation Satellites","DMC-2G (Disaster Monitoring Constellation- 2nd Generation)","Deimos-1","","8b35d386-0999-4b6e-ad12-f8501427b0ca"
"Earth Observation Satellites","DMC-2G (Disaster Monitoring Constellation- 2nd Generation)","NigeriaSat-2","","1dda5116-4079-445e-ae1c-614e49879cf3"
"Earth Observation Satellites","DMC-2G (Disaster Monitoring Constellation- 2nd Generation)","NigeriaSat-X","","35cafb99-393d-4727-a89d-5472512b2fdf"
"Earth Observation Satellites","DMC-2G (Disaster Monitoring Constellation- 2nd Generation)","UK-DMC-2","","03afbb23-76cc-4241-b5a3-853367f8461f"
"Earth Observation Satellites","DMC-2G (Disaster Monitoring Constellation- 2nd Generation)","","","e5184d15-eec8-4703-8318-243748ddbd0e"
"Earth Observation Satellites","DMSP (Defense Meteorological Satellite Program)","DMSP 5B/F3","Defense Meteorological Satellite Program-F3","7ed12e98-95b1-406c-a58a-f4bbfa405269"
"Earth Observation Satellites","DMSP (Defense Meteorological Satellite Program)","DMSP 5D-1/F1","Defense Meteorological Satellite Program-F1","f2a6694b-5ba1-464a-9d0f-d0212e492d53"
"Earth Observation Satellites","DMSP (Defense Meteorological Satellite Program)","DMSP 5D-1/F2","Defense Meteorological Satellite Program-F2","caece537-38fc-4888-8ca7-1f4570dcf409"
"Earth Observation Satellites","DMSP (Defense Meteorological Satellite Program)","DMSP 5D-1/F3","Defense Meteorological Satellite Program-F3","06d68016-affc-4477-86f5-e14a7a9839f2"
"Earth Observation Satellites","DMSP (Defense Meteorological Satellite Program)","DMSP 5D-1/F4","Defense Meteorological Satellite Program-F4","66014559-5d7a-4f53-811a-1c5b682e4e56"
"Earth Observation Satellites","DMSP (Defense Meteorological Satellite Program)","DMSP 5D-1/F5","Defense Meteorological Satellite Program-F5","60e10f22-c473-4368-888f-886a751662ea"
"Earth Observation Satellites","DMSP (Defense Meteorological Satellite Program)","DMSP 5D-2/F10","Defense Meteorological Satellite Program-F10","aa866680-32cd-4bd2-88ee-ae7b45c629da"
"Earth Observation Satellites","DMSP (Defense Meteorological Satellite Program)","DMSP 5D-2/F11","Defense Meteorological Satellite Program-F11","0d8490b8-347e-4f61-a747-07700c863b47"
"Earth Observation Satellites","DMSP (Defense Meteorological Satellite Program)","DMSP 5D-2/F12","Defense Meteorological Satellite Program-F12","60bf045b-f556-4461-8dcc-54dc63300537"
"Earth Observation Satellites","DMSP (Defense Meteorological Satellite Program)","DMSP 5D-2/F13","Defense Meteorological Satellite Program-F13","48a1fe2e-6cb2-44ad-8303-0a3328b1e5e4"
"Earth Observation Satellites","DMSP (Defense Meteorological Satellite Program)","DMSP 5D-2/F14","Defense Meteorological Satellite Program-F14","b13ff0b8-748c-475c-8512-361ae27a9395"
"Earth Observation Satellites","DMSP (Defense Meteorological Satellite Program)","DMSP 5D-2/F15","Defense Meteorological Satellite Program-F15","0661540e-f7b7-469b-9ef7-eaa0dd7a6d10"
"Earth Observation Satellites","DMSP (Defense Meteorological Satellite Program)","DMSP 5D-2/F6","Defense Meteorological Satellite Program-F6","030470d1-f545-4775-90b3-b12978cd6315"
"Earth Observation Satellites","DMSP (Defense Meteorological Satellite Program)","DMSP 5D-2/F7","Defense Meteorological Satellite Program-F7","b8d201a6-28e8-4889-bc23-97babf5a75c5"
"Earth Observation Satellites","DMSP (Defense Meteorological Satellite Program)","DMSP 5D-2/F8","Defense Meteorological Satellite Program-F8","d6a9e2e1-7c3b-4c10-9ffb-59c40b1b2061"
"Earth Observation Satellites","DMSP (Defense Meteorological Satellite Program)","DMSP 5D-2/F9","Defense Meteorological Satellite Program-F9","88f4f200-a0fc-4325-aea6-6f525ca31bfe"
"Earth Observation Satellites","DMSP (Defense Meteorological Satellite Program)","DMSP 5D-3/F15","Defense Meteorological Satellite Program-F15","4d78ad33-3b1d-4ddc-9d4a-296600363d45"
"Earth Observation Satellites","DMSP (Defense Meteorological Satellite Program)","DMSP 5D-3/F16","Defense Meteorological Satellite Program-F16","2f4b0671-f9a0-4912-96cd-96527a4c0678"
"Earth Observation Satellites","DMSP (Defense Meteorological Satellite Program)","DMSP 5D-3/F17","Defense Meteorological Satellite Program-F17","be9ed5c4-4d6b-45fa-9bf7-55b7995fbd15"
"Earth Observation Satellites","DMSP (Defense Meteorological Satellite Program)","DMSP 5D-3/F18","Defense Meteorological Satellite Program-F18","859c1a88-56d5-48c2-839d-6d18f7746379"
"Earth Observation Satellites","DMSP (Defense Meteorological Satellite Program)","DMSP 5D-3/F19","Defense Meteorological Satellite Program-F19","d1ad8ea7-b460-44b2-a96a-1040d156eeb4"
"Earth Observation Satellites","DMSP (Defense Meteorological Satellite Program)","DMSP","Defense Meteorological Satellite Program","64dfed70-dca2-4656-83d9-63e74c1b0740"
"Earth Observation Satellites","DMSP (Defense Meteorological Satellite Program)","","","1cf8cbcd-c1be-4c78-9272-b62adad59aa1"
"Earth Observation Satellites","Deimos","Deimos-2","","48e0f5f2-08fb-4739-8c5f-f53e24003f8c"
"Earth Observation Satellites","Deimos","","","f122ab59-266b-4be9-99ad-4c2172bcf97c"
"Earth Observation Satellites","ECHO","ECHO-1","","9b532124-c5a7-40c7-9788-a61ff1295363"
"Earth Observation Satellites","ECHO","ECHO-2","","6e2adc45-a039-46cb-b8e5-e4743df7e656"
"Earth Observation Satellites","ECHO","","","0a3e3bc3-d878-44f0-9650-145a53062c36"
"Earth Observation Satellites","ERS Earth Resource Satellite","ERS-1","European Remote Sensing Satellite-1","02c85d04-228e-4bf3-bb03-d72c22681dff"
"Earth Observation Satellites","ERS Earth Resource Satellite","ERS-2","European Remote Sensing Satellite-2","affbd015-9373-4413-b76f-e91d01c4f5e3"
"Earth Observation Satellites","ERS Earth Resource Satellite","","","3b6b4870-ae80-4488-b9fb-f9152037ec59"
"Earth Observation Satellites","ESSA","ESSA-3","Environmental Science Services Administration Satellite 3","c7706afe-079a-4966-8a9e-6a688ca9b880"
"Earth Observation Satellites","ESSA","ESSA-4","Environmental Science Services Administration Satellite 4","50992afe-f79e-47fc-a1a2-126dc2c42c9a"
"Earth Observation Satellites","ESSA","ESSA-5","Environmental Science Services Administration Satellite 5","8b67c88a-b62f-4585-a5d3-8e0005f42fd0"
"Earth Observation Satellites","ESSA","ESSA-7","Environmental Science Services Administration Satellite 7","2e4252b9-5b53-41bb-8212-1e63a540181f"
"Earth Observation Satellites","ESSA","ESSA-9","Environmental Science Services Administration Satellite 9","1dc828a8-8502-479d-b7c4-d5139c06029a"
"Earth Observation Satellites","ESSA","","","65cb3e7c-d4d8-46df-a5fc-aec63e58e8df"
"Earth Observation Satellites","ETALON","ETALON-1","","0bd45536-e8d5-42bf-998f-05ce4d0f0a49"
"Earth Observation Satellites","ETALON","ETALON-2","","c9c07cf0-49eb-4c7f-aeff-2e95caae9500"
"Earth Observation Satellites","ETALON","","","820b20d7-03b3-43a3-9c7a-f28fa3b0bfe2"
"Earth Observation Satellites","EXPLORER","EXPLORER-9","Air Density Sphere","84d39d18-7ae4-4f86-9626-694de58da933"
"Earth Observation Satellites","EXPLORER","","","0c52630e-cc77-42ab-b1ae-cb736486200e"
"Earth Observation Satellites","Earth Explorers","Biomass","Biomass monitoring mission for Carbon Assessment","a9b21edd-49b7-43be-8e35-8652bbc5559a"
"Earth Observation Satellites","Earth Explorers","CRYOSAT-2","","a915ab2f-46c5-493b-9f18-aeb3383ee72b"
"Earth Observation Satellites","Earth Explorers","GOCE","Gravity Field and Steady-State Ocean Circulation Explorer","b4fc57c3-7f36-40dc-8067-8b1f4dff4e3d"
"Earth Observation Satellites","Earth Explorers","SMOS","Soil Moisture and Ocean Salinity (Earth Explorer Opportunity Mission)","a641c997-0bd2-41aa-ba43-8e03066c3c2a"
"Earth Observation Satellites","Earth Explorers","","","fe9b35e7-6243-44bb-ac42-ce8350e7a86f"
"Earth Observation Satellites","Elektro-L","Elektro-L N1","Geostationary Operational Meteorological Satellite","6d0d4c3e-acfb-4bfd-ab0d-4478e18e4b19"
"Earth Observation Satellites","Elektro-L","Elektro-L N3","","2c780dff-fce3-4625-8b89-a7cd2d64d6ec"
"Earth Observation Satellites","Elektro-L","","","882c16a9-0bc6-4773-8066-e25ea8de3c9d"
"Earth Observation Satellites","FY (Feng-Yun)","FY-1","China's Meteorological Satellite-1","7b07ea0a-714f-4883-b202-898dfa0d4a69"
"Earth Observation Satellites","FY (Feng-Yun)","FY-2","China's  Meteorological Satellite-2","d48c7bce-ce00-42f3-8afd-82a9d45615e6"
"Earth Observation Satellites","FY (Feng-Yun)","","","edf02962-aafa-484f-84e5-2549f6db7552"
"Earth Observation Satellites","FengYun-2","FY-2D","FengYun-2D","3019aa61-89f6-4226-97b3-6c80ef65da10"
"Earth Observation Satellites","FengYun-2","FY-2E","FengYun-2E","d2b2dc9e-7a97-4e16-8562-1087a74fb9c9"
"Earth Observation Satellites","FengYun-2","","","e3344a00-36a4-49c2-b05e-5b540044b510"
"Earth Observation Satellites","FireBIRD","BIROS","Bi-spectral InfraRed Optical System","8e53aafe-f7a5-4629-893e-0a3ae1a6fe1d"
"Earth Observation Satellites","FireBIRD","TET-1","Technology Experiment Carrier-1","67e5bbab-0c9b-40e5-acf7-054671f35d2b"
"Earth Observation Satellites","FireBIRD","","","9b165321-e03c-44dc-bb9c-d10c32c93ab6"
"Earth Observation Satellites","GEOS (Geodetic Earth Orbiting Satellite)","GEOS-1","Geodetic Earth Orbiting Satellite-1","a44b20a7-be0a-40d5-baba-8a77022db3a1"
"Earth Observation Satellites","GEOS (Geodetic Earth Orbiting Satellite)","GEOS-2","Geodetic Earth Orbiting Satellite-2","d3b6b9b2-055e-4a11-b0e6-58f233f24b37"
"Earth Observation Satellites","GEOS (Geodetic Earth Orbiting Satellite)","GEOS-3","Geodetic Earth Orbiting Satellite-3","73ac5529-c0ec-46b5-a592-84b197bb0a35"
"Earth Observation Satellites","GEOS (Geodetic Earth Orbiting Satellite)","","","608e831d-f722-4a97-b173-a308d7bc6dd2"
"Earth Observation Satellites","GEOSAT","GEOSAT","Geodetic Satellite","053da8e9-78d7-4d7f-997a-d06773323b7e"
"Earth Observation Satellites","GEOSAT","GFO-1","GEOSAT FOLLOW-ON-1","84d55533-31f1-4601-acad-5444b31b62b4"
"Earth Observation Satellites","GEOSAT","","","b78f1a1f-2e62-4f21-8031-670f008bdaa5"
"Earth Observation Satellites","GHGSat","GHGSat-C1","Greenhouse Gas Satellite - C1","38a680f5-6c96-490d-9683-8c5588090e34"
"Earth Observation Satellites","GHGSat","GHGSat-C2","Greenhouse Gas Satellite - C2","6564cc55-1032-4e52-b1d4-b177224d3805"
"Earth Observation Satellites","GHGSat","GHGSat-D","Greenhouse Gas Satellite - Demonstrator","1aabc727-a8d8-4dff-a248-8e485d147b00"
"Earth Observation Satellites","GHGSat","","","82823ffa-e4d5-4877-bf0a-b9eb5b8c1108"
"Earth Observation Satellites","GMS (Japan Geostationary Meteorological Satellite)","GMS-1","Geostationary Meteorological Satellite-1","2a4d7fd4-36e7-42a4-9239-5e89ec0b142d"
"Earth Observation Satellites","GMS (Japan Geostationary Meteorological Satellite)","GMS-2","Geostationary Meteorological Satellite-2","63c5a148-a766-45c0-b604-6c0c706ff368"
"Earth Observation Satellites","GMS (Japan Geostationary Meteorological Satellite)","GMS-3","Geostationary Meteorological Satellite-3","a8952068-667a-4d77-8e4c-e40bcd310cdd"
"Earth Observation Satellites","GMS (Japan Geostationary Meteorological Satellite)","GMS-4","Geostationary Meteorological Satellite-4","16dbe86f-4f86-4f78-a393-9c047759c0ee"
"Earth Observation Satellites","GMS (Japan Geostationary Meteorological Satellite)","GMS-5","Geostationary Meteorological Satellite-5","0c08e0d6-ed87-4fc8-8dc9-77887a8bb256"
"Earth Observation Satellites","GMS (Japan Geostationary Meteorological Satellite)","GMS","Japan Geostationary Meteorological Satellite","acf612e2-fcf8-40a5-a08a-dd59d689ef0b"
"Earth Observation Satellites","GMS (Japan Geostationary Meteorological Satellite)","","","deeecd30-32e0-4b89-ae24-31e3e6641b4c"
"Earth Observation Satellites","GOES (Geostationary Operational Environmental Satellite)","GOES-10","Geostationary Operational Environmental Satellite 10","6decd6f7-1572-4716-908e-53320218efa1"
"Earth Observation Satellites","GOES (Geostationary Operational Environmental Satellite)","GOES-11","Geostationary Operational Environmental Satellite 11","2b10bfcf-f7ab-4ce1-9a4e-0b6f397a7ae0"
"Earth Observation Satellites","GOES (Geostationary Operational Environmental Satellite)","GOES-12","Geostationary Operational Environmental Satellite 12","a93b5d7d-5bf4-49d3-b05f-b5f0b55b1bf6"
"Earth Observation Satellites","GOES (Geostationary Operational Environmental Satellite)","GOES-13","Geostationary Operational Environmental Satellite 13","3c57a713-8cfe-4e65-8d6c-d30a59786313"
"Earth Observation Satellites","GOES (Geostationary Operational Environmental Satellite)","GOES-14","Geostationary Operational Environmental Satellite 14","9dfc4f09-66e5-4e70-b4f9-72f52855c9c3"
"Earth Observation Satellites","GOES (Geostationary Operational Environmental Satellite)","GOES-15","Geostationary Operational Environmental Satellite 15","e9415082-d8d2-4073-ba8a-fe22a2c521b6"
"Earth Observation Satellites","GOES (Geostationary Operational Environmental Satellite)","GOES-16","Geostationary Operational Environmental Satellite 16","cbc78fde-7247-4906-b553-92c125fd848d"
"Earth Observation Satellites","GOES (Geostationary Operational Environmental Satellite)","GOES-17","Geostationary Operational Environmental Satellite 17","bec0b215-7fe0-46e8-855a-d1807779f004"
"Earth Observation Satellites","GOES (Geostationary Operational Environmental Satellite)","GOES-1","Geostationary Operational Environmental Satellite 1","9a5e161d-6979-4c0f-a6bd-7d3c268fef18"
"Earth Observation Satellites","GOES (Geostationary Operational Environmental Satellite)","GOES-2","Geostationary Operational Environmental Satellite 2","59b9924a-a10f-4205-9051-ed611164fd97"
"Earth Observation Satellites","GOES (Geostationary Operational Environmental Satellite)","GOES-3","Geostationary Operational Environmental Satellite 3","54aa88e0-f005-4525-bb26-1b8ed615b5f2"
"Earth Observation Satellites","GOES (Geostationary Operational Environmental Satellite)","GOES-4","Geostationary Operational Environmental Satellite 4","eb1b830e-d451-46df-a8c6-4538ed9a5960"
"Earth Observation Satellites","GOES (Geostationary Operational Environmental Satellite)","GOES-5","Geostationary Operational Environmental Satellite 5","cc07c141-768f-4e46-a222-5a423b6018a0"
"Earth Observation Satellites","GOES (Geostationary Operational Environmental Satellite)","GOES-6","Geostationary Operational Environmental Satellite 6","93ca4f6a-2552-408b-adc2-2a3ca64a4a66"
"Earth Observation Satellites","GOES (Geostationary Operational Environmental Satellite)","GOES-7","Geostationary Operational Environmental Satellite 7","2c8920b1-3ed2-417f-90d7-f94a387c77ac"
"Earth Observation Satellites","GOES (Geostationary Operational Environmental Satellite)","GOES-8","Geostationary Operational Environmental Satellite 8","64fabc3c-0684-4325-9831-bf7cc461684d"
"Earth Observation Satellites","GOES (Geostationary Operational Environmental Satellite)","GOES-9","Geostationary Operational Environmental Satellite 9","2304694e-c900-4d63-b458-80163d5dcd86"
"Earth Observation Satellites","GOES (Geostationary Operational Environmental Satellite)","GOES","NOAA Geostationary Operational Environmental Satellites","6b9ee582-1641-4f3b-8ce2-22ad3aae93fa"
"Earth Observation Satellites","GOES (Geostationary Operational Environmental Satellite)","","","e31e924e-9e50-4856-b85d-862ee3d084a4"
"Earth Observation Satellites","Himawari","Himawari-8","","dd2591d9-35a1-4037-9664-bbfcf4c80b71"
"Earth Observation Satellites","Himawari","Himawari-9","","e43cfa6a-fb75-4eeb-8674-25917275ea7e"
"Earth Observation Satellites","Himawari","","","d8b7fc7d-9cf3-4020-947d-f33d712b64ab"
"Earth Observation Satellites","IMS","IMS-1","Indian Mini Satellite-1","a4d7359a-ec66-49d6-a394-3cf2794dd552"
"Earth Observation Satellites","IMS","IMS-2","Indian Mini Satellite-2","aa137482-53a7-455d-b8d8-52d487380c2a"
"Earth Observation Satellites","IMS","","","fecf6a37-ffa9-4e11-90cf-1abfeb95cb95"
"Earth Observation Satellites","INSAT (Indian National Satellite)","INSAT-1A","Indian National Satellite-1A","5142bd37-853c-4d34-a2bb-13de9d97b773"
"Earth Observation Satellites","INSAT (Indian National Satellite)","INSAT-1B","Indian National Satellite-1B","9dfe63d1-5b6a-4ac4-ae19-1572ab43445e"
"Earth Observation Satellites","INSAT (Indian National Satellite)","INSAT-3D","","5999e653-21ea-49ef-977a-13b5fe40fa36"
"Earth Observation Satellites","INSAT (Indian National Satellite)","INSAT","Indian National Satellite","dadc6f66-e044-420a-b1d0-4cc11b2f169d"
"Earth Observation Satellites","INSAT (Indian National Satellite)","","","949ab40f-3954-4c81-a063-275d0e13a14e"
"Earth Observation Satellites","IRS (Indian Remote Sensing Satellite)","IRS-1A","Indian Remote Sensing Satellite-1A","8f7e0fb3-1917-4bb5-ae90-93af14ef0c51"
"Earth Observation Satellites","IRS (Indian Remote Sensing Satellite)","IRS-1B","Indian Remote Sensing Satellite-1B","b1734eeb-aa26-471d-9300-694c80aa8b42"
"Earth Observation Satellites","IRS (Indian Remote Sensing Satellite)","IRS-1C","Indian Remote Sensing Satellite-1C","0b60f93d-dad7-4bb8-a41b-22d5f5d58835"
"Earth Observation Satellites","IRS (Indian Remote Sensing Satellite)","IRS-1D","Indian Remote Sensing Satellite-1D","27b32f62-3460-4541-a1d5-507538b2b34c"
"Earth Observation Satellites","IRS (Indian Remote Sensing Satellite)","IRS-O2","Oceansat-2","df967339-0096-4445-8732-0071f1de9e27"
"Earth Observation Satellites","IRS (Indian Remote Sensing Satellite)","IRS-P2","Indian Remote Sensing Satellite-P2","0f7493be-f2c7-427b-befb-d4e33f08016c"
"Earth Observation Satellites","IRS (Indian Remote Sensing Satellite)","IRS-P3","Indian ISRO IRS-P3 Spacecraft","dbbc7680-269b-42de-a33c-25e541aa6a74"
"Earth Observation Satellites","IRS (Indian Remote Sensing Satellite)","IRS-P4","Indian Remote Sensing Satellite-P4 (OCEANSAT-1)","9e3bc460-c94c-462f-a207-aa580f2b5b07"
"Earth Observation Satellites","IRS (Indian Remote Sensing Satellite)","IRS-P5","Indian Remote Sensing Satellite-P5 (CARTOSAT-1)","1d98408e-7465-4d31-86fa-3835a137b78d"
"Earth Observation Satellites","IRS (Indian Remote Sensing Satellite)","IRS-P6","Indian Remote Sensing Satellite-P6","cdbfcd3f-bde3-44b1-8318-e2ee7873fc57"
"Earth Observation Satellites","IRS (Indian Remote Sensing Satellite)","IRS-R2A","Indian Remote Sensing Satellite-R2A","56535da7-3b47-41e2-a3a9-b88a6abbc5ef"
"Earth Observation Satellites","IRS (Indian Remote Sensing Satellite)","IRS-RS2","Indian Remote Sensing Satellite-RS2","fd710ee8-797c-490a-9f90-064a38141f99"
"Earth Observation Satellites","IRS (Indian Remote Sensing Satellite)","K1","Kalpana-1","87daf1d5-4f7c-40e9-8d31-4c816c320029"
"Earth Observation Satellites","IRS (Indian Remote Sensing Satellite)","","","3e8bc0c6-f599-4e23-9535-449af00edd61"
"Earth Observation Satellites","ISIS (International Satellite for Ionospheric S","ISIS-1","International Satellite for Ionospheric Studies-1","0e8963d6-040a-4df2-a7f6-c7dbc1ef1bda"
"Earth Observation Satellites","ISIS (International Satellite for Ionospheric S","ISIS-2","International Satellite for Ionospheric Studies-2","a3725789-7cae-48f1-9c2c-a27bc30c79a1"
"Earth Observation Satellites","ISIS (International Satellite for Ionospheric S","","","dfc148f7-69ed-401a-b2d2-f2c4097ef9b6"
"Earth Observation Satellites","ITOS","ITOS-1","","b080d2a3-c089-4ddf-bbfb-3e24495413b3"
"Earth Observation Satellites","ITOS","","","80e95a88-b44e-444e-bd79-2e6dbb56b170"
"Earth Observation Satellites","JERS","JERS-1","Japanese Earth Resources Satellite-1","f3230e87-898e-45d1-aa7f-b5b42eb3a3fc"
"Earth Observation Satellites","JERS","","","f79e1dd5-797c-4aa6-ab58-433c1abaec26"
"Earth Observation Satellites","Joint Polar Satellite System (JPSS)","JPSS-2","","043dc242-1014-4e9a-91ee-c472b791b026"
"Earth Observation Satellites","Joint Polar Satellite System (JPSS)","JPSS-3","","2ab4ba32-0bb3-4e4e-bac6-1ff4a3baf0df"
"Earth Observation Satellites","Joint Polar Satellite System (JPSS)","JPSS-4","","10adce36-ce10-4ae6-94f9-211911c7dd15"
"Earth Observation Satellites","Joint Polar Satellite System (JPSS)","NOAA-20","Joint Polar Satellite System - 1","586db0b3-5f94-466e-b7c1-a2dbedc0c1fc"
"Earth Observation Satellites","Joint Polar Satellite System (JPSS)","SUOMI-NPP","Suomi National Polar-orbiting Partnership","85a52725-e6a1-430a-8506-c08c59ef31c7"
"Earth Observation Satellites","Joint Polar Satellite System (JPSS)","","","5c2364ca-c01a-4f69-8808-282c3854b2f6"
"Earth Observation Satellites","KOMPSAT","KOMPSAT-1","","caf7cd97-6a64-4e31-9b7e-d96854eb9b6a"
"Earth Observation Satellites","KOMPSAT","KOMPSAT-2","","88d9cd91-a26e-467a-9554-c5d927540421"
"Earth Observation Satellites","KOMPSAT","","","9abdb7c0-7b8e-426b-8bc7-57ea4a30d82c"
"Earth Observation Satellites","LAGEOS (Laser Geodetic Satellite)","LAGEOS-1","Laser Geodetic Satellite-1","8124c4a5-fb77-455c-9ecd-3cf325fc12a9"
"Earth Observation Satellites","LAGEOS (Laser Geodetic Satellite)","LAGEOS-2","Laser Geodetic Satellite-2","e1dfd1ca-9bd1-4628-b4ad-c82dfb3c1974"
"Earth Observation Satellites","LAGEOS (Laser Geodetic Satellite)","","","4fc659a0-c543-4538-87c6-0ed2a7ab8b55"
"Earth Observation Satellites","LANDSAT","LANDSAT-1","","d41eb9c0-7683-428a-ac86-5643bbfa3985"
"Earth Observation Satellites","LANDSAT","LANDSAT-2","","dbaddf64-af69-4e82-a4a8-41f5c76ee496"
"Earth Observation Satellites","LANDSAT","LANDSAT-3","","8d323d5a-0332-4e58-80c5-8dd9f486f482"
"Earth Observation Satellites","LANDSAT","LANDSAT-4","","0db82778-12de-4cac-9a86-8f2b97feb7f1"
"Earth Observation Satellites","LANDSAT","LANDSAT-5","","fe920fff-7852-42cf-b1dc-b2223b24cf2e"
"Earth Observation Satellites","LANDSAT","LANDSAT-6","","b912164c-36a5-4d93-9638-1afb3e4c4354"
"Earth Observation Satellites","LANDSAT","LANDSAT-7","","c7a09e9f-3c99-4b31-a521-313c379ba2b4"
"Earth Observation Satellites","LANDSAT","LANDSAT-8","","13e3a08a-0d28-4e3f-a306-a20d9fb4fff8"
"Earth Observation Satellites","LANDSAT","LANDSAT-9","","5d3ce672-39fb-4dd5-be5e-55f81fb7f40f"
"Earth Observation Satellites","LANDSAT","LANDSAT","","77d92504-8160-4f72-90b9-a7c9640f4361"
"Earth Observation Satellites","LANDSAT","","","3cc4a1e8-3b94-4567-90b3-32137aec2d9e"
"Earth Observation Satellites","METEOSAT","METEOSAT-10","","01ee202c-22c5-442d-b4fd-65f424057ea3"
"Earth Observation Satellites","METEOSAT","METEOSAT-11","","bc69ef64-c468-4e8a-9a41-3b421e79cc90"
"Earth Observation Satellites","METEOSAT","METEOSAT-1","","a7852052-09a6-4c48-b720-9dfb086df3db"
"Earth Observation Satellites","METEOSAT","METEOSAT-2","","59df537a-0912-4943-834e-9feb08d09d59"
"Earth Observation Satellites","METEOSAT","METEOSAT-3","","4ce99530-44bb-435b-ac46-3e3f0ddde484"
"Earth Observation Satellites","METEOSAT","METEOSAT-4","Meteosat Operational Programme 1 (MOP-1)","ceb704ea-58eb-441a-8f86-9d2d7017240c"
"Earth Observation Satellites","METEOSAT","METEOSAT-5","Meteosat Operational Programme 2 (MOP-2)","a2069a17-e6be-49f4-a796-72aede755493"
"Earth Observation Satellites","METEOSAT","METEOSAT-6","Meteosat Operational Programme 3 (MOP-3)","6f9f4776-ca2a-478a-b077-0b15fe8d2c3a"
"Earth Observation Satellites","METEOSAT","METEOSAT-7","","75d48be5-2e6d-442f-9e97-0146706f7261"
"Earth Observation Satellites","METEOSAT","METEOSAT-8","","1ef73a04-e012-4389-9646-cdeb7c04dc92"
"Earth Observation Satellites","METEOSAT","METEOSAT-9","","07dfead6-2cbc-4703-8533-c4d07e2ec67c"
"Earth Observation Satellites","METEOSAT","METEOSAT","","dbfa9c1a-1853-4c48-8adf-f51ca6715c43"
"Earth Observation Satellites","METEOSAT","MSG","Meteosat Second Generation","5aac06ef-6ade-49b6-a98c-45516a9a646a"
"Earth Observation Satellites","METEOSAT","","","28eac19a-5500-4a21-af30-ab7a364ff8d0"
"Earth Observation Satellites","METOP","METOP-A","Meteorological Operational Satellite - A","8143808e-1005-4fed-a469-c2bd5f1521bf"
"Earth Observation Satellites","METOP","METOP-B","Meteorological Operational Satellite - B","c9f84df0-e807-46e3-8fce-c33e9201fbc2"
"Earth Observation Satellites","METOP","METOP-C","Meteorological Operational Satellite - C","6120cea0-c943-4c7c-bddd-8d8648d58022"
"Earth Observation Satellites","METOP","","","8c192c86-d07c-4e7b-af8f-92aa4b40fca7"
"Earth Observation Satellites","MOS (Japan Marine Observation Satellite)","MOS-1B","Japanese Marine Observation Satellite-1B","3f023faf-79fe-4efd-99cf-efdea9fd2e67"
"Earth Observation Satellites","MOS (Japan Marine Observation Satellite)","MOS-1","Japanese Marine Observation Satellite 1","cdf3698d-ace4-432b-80aa-8757f8d53d58"
"Earth Observation Satellites","MOS (Japan Marine Observation Satellite)","","","f835f27c-becb-4ad7-a2d5-c0385f3418f3"
"Earth Observation Satellites","Megha-Tropiques","MEGHA-TROPIQUES","","b4306533-7593-4e76-b0e1-154a74e27d69"
"Earth Observation Satellites","Megha-Tropiques","","","7bca3532-02ec-4ab7-a01b-14185479c209"
"Earth Observation Satellites","Meteor","Meteor 2-21","","a94d5d7d-ef21-4849-aa30-854aedd21c69"
"Earth Observation Satellites","Meteor","Meteor-2","","8895542e-f840-4eeb-a615-b7871e6a580e"
"Earth Observation Satellites","Meteor","Meteor-3M","","5a326a88-e23a-42c3-967a-7150bbf2acda"
"Earth Observation Satellites","Meteor","Meteor-3","","b4ebacc9-59d5-45ae-95af-81d986d5ad3e"
"Earth Observation Satellites","Meteor","","","d1a7ef15-31ab-4647-918a-4a1d62028ae4"
"Earth Observation Satellites","NASA Decadal Survey","ACE (DECADAL SURVEY)","Aerosol - Cloud - Ecosystems","44de39ab-8595-42d9-8d9e-ca94c4da4b0c"
"Earth Observation Satellites","NASA Decadal Survey","ASCENDS","Active Sensing of CO2 Emissions over Nights, Days, and Seasons","5129ca8d-e299-4966-b0d9-a55c4b302601"
"Earth Observation Satellites","NASA Decadal Survey","CLARREO","Climate Absolute Radiance and Refractivity Observatory","86f284dc-ebd2-4c9c-93dc-1e0e26a0a033"
"Earth Observation Satellites","NASA Decadal Survey","GEO-CAPE","Geostationary Coastal and Air Pollution Events","cbd436e1-03bf-4e59-8b31-fac71597bc01"
"Earth Observation Satellites","NASA Decadal Survey","GRACE-FO","Gravity Recovery and Climate Experiment Follow-On","f75e34e2-ebe7-4a6c-8bf6-da596a36b632"
"Earth Observation Satellites","NASA Decadal Survey","HYSPIRI","Hyperspectral Infrared Imager","da4db91a-044b-4b01-ad1a-e1684e492adf"
"Earth Observation Satellites","NASA Decadal Survey","ICESat-2","Ice, Cloud, and land Elevation Satellite-2","0a7dad22-dace-4cdc-9a5b-7dfde4aa2822"
"Earth Observation Satellites","NASA Decadal Survey","SMAP","Soil Moisture Active and Passive Observatory","7ee03239-24ff-433e-ab7e-8be8b9b2636b"
"Earth Observation Satellites","NASA Decadal Survey","SWOT","Surface Water Ocean Topography","63b6f3d6-3e9a-40c9-ae91-13f580c7b6c3"
"Earth Observation Satellites","NASA Decadal Survey","","","9bdc4d60-38da-4d6c-ba2f-2a588aa9921b"
"Earth Observation Satellites","NASA Earth System Science Pathfinder","CALIPSO","Cloud-Aerosol Lidar and Infrared Pathfinder Satellite Observations","01b319ce-cbe2-4894-bb33-04c43ceef23b"
"Earth Observation Satellites","NASA Earth System Science Pathfinder","CloudSat","","f3a724fa-5d0c-4ca1-872b-41ef08ab7b5d"
"Earth Observation Satellites","NASA Earth System Science Pathfinder","GRACE","Gravity Recovery and Climate Experiment","2e7aa2e6-9d25-4c6e-aef3-6e86d3773bac"
"Earth Observation Satellites","NASA Earth System Science Pathfinder","OCO-2","Orbiting Carbon Observatory-2","6d5f222a-7750-4fd3-aa14-3c0d0059bc85"
"Earth Observation Satellites","NASA Earth System Science Pathfinder","OCO-3","","da687fb4-016d-4b4d-92c2-380640ca5640"
"Earth Observation Satellites","NASA Earth System Science Pathfinder","","","de1e0fd4-d865-4726-9bde-96804cf455b7"
"Earth Observation Satellites","NASA Small Explorer (SMEX)","AIM","Aeronomy of Ice in the Mesosphere","dda33ba1-2108-4297-a221-d94726c60792"
"Earth Observation Satellites","NASA Small Explorer (SMEX)","","","ec3e5f45-f6a2-4d1f-aa6f-51a638c7852f"
"Earth Observation Satellites","NIMBUS","Nimbus-1","","fc1b2147-7086-4164-a2e5-596f83e1431c"
"Earth Observation Satellites","NIMBUS","Nimbus-2","","486c2802-dca4-49a3-8bb8-4889e6961014"
"Earth Observation Satellites","NIMBUS","Nimbus-3","","acc28309-0d1a-4533-9b18-c5ac2b0deea8"
"Earth Observation Satellites","NIMBUS","Nimbus-4","","6b956645-9c85-4b3d-8771-159a62005911"
"Earth Observation Satellites","NIMBUS","Nimbus-5","","955e7643-bd77-44aa-ba05-f7b841ce582b"
"Earth Observation Satellites","NIMBUS","Nimbus-6","","6bbdcd8e-cbe4-48db-96e6-1d5f1dd1e857"
"Earth Observation Satellites","NIMBUS","Nimbus-7","","0af3eeb1-3339-46ad-964f-2d18dce319fe"
"Earth Observation Satellites","NIMBUS","Nimbus","","df91d23f-2c02-4bc1-92c1-a105fb0deb05"
"Earth Observation Satellites","NIMBUS","","","f91ad0ef-29bd-4594-a843-60beaaf858ca"
"Earth Observation Satellites","NOAA POES (Polar Orbiting Environmental Satellites)","NOAA POES","NOAA Polar Orbiting Environmental Satellites","a2620edb-fa1b-4e76-99db-581a1766f22a"
"Earth Observation Satellites","NOAA POES (Polar Orbiting Environmental Satellites)","NOAA-10","National Oceanic & Atmospheric Administration-10","19ca6acd-5a83-4f3c-8237-fd3178dad1af"
"Earth Observation Satellites","NOAA POES (Polar Orbiting Environmental Satellites)","NOAA-11","National Oceanic & Atmospheric Administration-11","b2e2ad86-b73f-44fd-9992-6f32820ea847"
"Earth Observation Satellites","NOAA POES (Polar Orbiting Environmental Satellites)","NOAA-12","National Oceanic & Atmospheric Administration-12","6b3f1f0f-353b-45b7-9dc0-567afa2c82c5"
"Earth Observation Satellites","NOAA POES (Polar Orbiting Environmental Satellites)","NOAA-13","National Oceanic & Atmospheric Administration-13","4357816a-ede9-4a78-852c-fd6474671567"
"Earth Observation Satellites","NOAA POES (Polar Orbiting Environmental Satellites)","NOAA-14","National Oceanic & Atmospheric Administration-14","d4bfa8e2-4ce3-482e-8b2a-1297f65fdc8a"
"Earth Observation Satellites","NOAA POES (Polar Orbiting Environmental Satellites)","NOAA-15","National Oceanic & Atmospheric Administration-15","7441d55f-26c8-4f7f-ad75-1402c6a6e470"
"Earth Observation Satellites","NOAA POES (Polar Orbiting Environmental Satellites)","NOAA-16","National Oceanic & Atmospheric Administration-16","53a886bf-db3f-4b8c-a111-ba6593dae207"
"Earth Observation Satellites","NOAA POES (Polar Orbiting Environmental Satellites)","NOAA-17","National Oceanic & Atmospheric Administration-17","b4d60d40-59b9-46ab-a4c5-a2e534680b05"
"Earth Observation Satellites","NOAA POES (Polar Orbiting Environmental Satellites)","NOAA-18","National Oceanic & Atmospheric Administration-18","37afee26-f2fd-47df-b8e0-7cccd71e6b8c"
"Earth Observation Satellites","NOAA POES (Polar Orbiting Environmental Satellites)","NOAA-19","National Oceanic & Atmospheric Administration-19","b7461b99-2b6f-460a-ae7f-6bb37515684d"
"Earth Observation Satellites","NOAA POES (Polar Orbiting Environmental Satellites)","NOAA-1","National Oceanic & Atmospheric Administration-1","f80b13a8-7692-4d1a-be08-851544cd0cde"
"Earth Observation Satellites","NOAA POES (Polar Orbiting Environmental Satellites)","NOAA-2","National Oceanic & Atmospheric Administration-2","52354476-6975-457e-9d1d-e0f3b5e8f407"
"Earth Observation Satellites","NOAA POES (Polar Orbiting Environmental Satellites)","NOAA-3","National Oceanic & Atmospheric Administration-3","613988b8-740a-461d-a24f-39cc84a8ba8d"
"Earth Observation Satellites","NOAA POES (Polar Orbiting Environmental Satellites)","NOAA-4","National Oceanic & Atmospheric Administration-4","3e1c1312-4559-4318-a64f-d7aafd08550b"
"Earth Observation Satellites","NOAA POES (Polar Orbiting Environmental Satellites)","NOAA-5","National Oceanic & Atmospheric Administration-5","550199a6-a331-4392-b5d3-30270c83f773"
"Earth Observation Satellites","NOAA POES (Polar Orbiting Environmental Satellites)","NOAA-6","National Oceanic & Atmospheric Administration-6","b8b9a664-2e7e-4dae-8efc-1ce4ace7ac63"
"Earth Observation Satellites","NOAA POES (Polar Orbiting Environmental Satellites)","NOAA-7","National Oceanic & Atmospheric Administration-7","fd4a398d-682c-4748-8349-83a8aa47cebf"
"Earth Observation Satellites","NOAA POES (Polar Orbiting Environmental Satellites)","NOAA-8","National Oceanic & Atmospheric Administration-8","a6a7b0e4-f58a-42fe-b723-d6405d4afde2"
"Earth Observation Satellites","NOAA POES (Polar Orbiting Environmental Satellites)","NOAA-9","National Oceanic & Atmospheric Administration-9","304d5731-5627-4f4a-9b9e-3de6f39f9b3d"
"Earth Observation Satellites","NOAA POES (Polar Orbiting Environmental Satellites)","","","e8baa3a4-ef5a-455a-bf25-d61e59fc9bb3"
"Earth Observation Satellites","OGO (Orbiting Geophysical Observatory)","OGO-1","Orbiting Geophysical Observatory-1","b81f052e-9e45-4097-8189-f4c2f0572dd4"
"Earth Observation Satellites","OGO (Orbiting Geophysical Observatory)","OGO-2","Orbiting Geophysical Observatory-2","40b55ae6-fce7-46f1-aa84-ef7313056289"
"Earth Observation Satellites","OGO (Orbiting Geophysical Observatory)","OGO-3","Orbiting Geophysical Observatory-3","52dcf6a3-8b08-40a4-acb0-3c1c2fdc55cc"
"Earth Observation Satellites","OGO (Orbiting Geophysical Observatory)","OGO-4","Orbiting Geophysical Observatory-4","ff60d0cf-4665-40b6-b375-dd59dba896f9"
"Earth Observation Satellites","OGO (Orbiting Geophysical Observatory)","OGO-5","Orbiting Geophysical Observatory-5","38eefa42-2943-43d6-9186-d797d089c9df"
"Earth Observation Satellites","OGO (Orbiting Geophysical Observatory)","OGO-6","Orbiting Geophysical Observatory-6","fa5f5aff-4c2f-4613-b082-28454520544e"
"Earth Observation Satellites","OGO (Orbiting Geophysical Observatory)","","","e57b586f-09ba-45ad-868c-4c232d6034b4"
"Earth Observation Satellites","PLEIADES","Pleiades-1A","","a0b1f332-41b9-4eec-8a9e-67778193a679"
"Earth Observation Satellites","PLEIADES","Pleiades-1B","","92bdb34f-5df0-498d-b3c9-477ff3a1f80a"
"Earth Observation Satellites","PLEIADES","","","516a9bb2-0171-4ad2-8d4f-3f7d1219d393"
"Earth Observation Satellites","RADARSAT","RADARSAT-1","","d5e3bc6f-fea5-453e-9942-6ce982bca119"
"Earth Observation Satellites","RADARSAT","RADARSAT-2","","b9c23439-5e16-4329-b719-4704dd7903e6"
"Earth Observation Satellites","RADARSAT","","","705a396b-83dd-4223-b8be-f002f6b93502"
"Earth Observation Satellites","SAC","SAC-A","Satelite de Aplicaciones Cientifico - A","f3be80dc-37f6-44b9-afd4-37c261c13367"
"Earth Observation Satellites","SAC","SAC-C","Satelite de Aplicaciones Cientifico - C","12fff8c1-4062-48ce-a85e-ef85cc6fc370"
"Earth Observation Satellites","SAC","SAC-D","Satélite de Aplicaciones Científico - D","fb9164bb-4dba-4598-ba56-cb24d8db5527"
"Earth Observation Satellites","SAC","","","ea7e0cb4-5764-4ca4-89f6-913b22a47eff"
"Earth Observation Satellites","SENTINEL-1","SENTINEL-1A","SENTINEL-1A","c7279e54-f7c1-4ee7-a957-719d6021a3f6"
"Earth Observation Satellites","SENTINEL-1","SENTINEL-1B","SENTINEL-1B","9940dbad-1a9a-4858-a0e8-af35b21277e2"
"Earth Observation Satellites","SENTINEL-1","","","007c3084-89db-458e-8387-14e192b6cb8e"
"Earth Observation Satellites","SENTINEL-2","SENTINEL-2A","","6f1c359b-b1a6-47c1-979e-0689e637fbdc"
"Earth Observation Satellites","SENTINEL-2","SENTINEL-2B","","f2445400-1981-4ef3-bf7c-f4aa35923ae9"
"Earth Observation Satellites","SENTINEL-2","","","2ce20983-98b2-40b9-bb0e-a08074fb93b3"
"Earth Observation Satellites","SENTINEL-3","SENTINEL-3A","","5449d87b-5573-450f-8acb-2fdfeab3c8ce"
"Earth Observation Satellites","SENTINEL-3","SENTINEL-3B","","41163801-6aac-43e5-aed7-9f52613a6a73"
"Earth Observation Satellites","SENTINEL-3","","","8a19f309-46ee-424b-be9f-e7e57e5b8ca0"
"Earth Observation Satellites","SMS (Synchronous Meteorological Satellites)","SMS-1","Synchronous Meteorological Satellite 1","3cb9e3b6-5d97-4258-a546-7a955c76cb8b"
"Earth Observation Satellites","SMS (Synchronous Meteorological Satellites)","SMS-2","Synchronous Meteorological Satellite 2","ca25d8a5-40d0-4eb7-9f3f-9c97074ef1be"
"Earth Observation Satellites","SMS (Synchronous Meteorological Satellites)","SMS","Synchronous Meteorological Satellites","389f0bec-1032-4b0b-9118-033c9b07402f"
"Earth Observation Satellites","SMS (Synchronous Meteorological Satellites)","","","9abcdc9a-6442-4e2e-848a-8b72b954896c"
"Earth Observation Satellites","SPOT","SPOT-1","Systeme Probatoire Pour l'Observation de la Terre-1","807f2f4d-1c2e-43ed-87f2-17d7dcced093"
"Earth Observation Satellites","SPOT","SPOT-2","Systeme Probatoire Pour l'Observation de la Terre-2","9a59260a-16a7-4853-8920-35ede91561ee"
"Earth Observation Satellites","SPOT","SPOT-3","Systeme Probatoire Pour l'Observation de la Terre-3","d333cd96-f1f0-4179-9fbc-162b18fcb8c8"
"Earth Observation Satellites","SPOT","SPOT-4","Systeme Probatoire Pour l'Observation de la Terre-4","5fe45cae-f4ce-4287-8af8-0d824807f3fc"
"Earth Observation Satellites","SPOT","SPOT-5","Systeme Probatoire Pour l'Observation de la Terre-5","08e3f2c8-0d9d-4f94-b2fe-bb110b151134"
"Earth Observation Satellites","SPOT","SPOT-6","Systeme Probatoire Pour l'Observation de la Terre-6","b5b5a3c9-a393-4766-a7d6-ef6c97969e78"
"Earth Observation Satellites","SPOT","SPOT-7","Systeme Probatoire Pour l'Observation de la Terre-7","5993e605-b045-43fb-bd9b-928892b7386d"
"Earth Observation Satellites","SPOT","","","5615d18d-4217-42a0-a53d-77298834fc2e"
"Earth Observation Satellites","Sentinel-5","Sentinel-5P","Sentinel-5 Precursor","77e9a75e-2c3b-428b-8b21-b6a902dd8fee"
"Earth Observation Satellites","Sentinel-5","","","dc626ae7-1ebe-4b9d-9b73-c048fa92434f"
"Earth Observation Satellites","Swarm","Swarm-A","","054787a6-0c47-43af-a4ee-05c572dd1705"
"Earth Observation Satellites","Swarm","Swarm-B","","ab7f9a64-ca5d-4795-94ff-fd5367d39f9f"
"Earth Observation Satellites","Swarm","Swarm-C","","769a52d4-7db1-4b8e-8d39-6fee4e74d34f"
"Earth Observation Satellites","Swarm","","","1d6d5f82-acd5-4bd2-9324-12884718b353"
"Earth Observation Satellites","TIROS","TIROS-7","Television Infrared Operational","d39b3bd9-de76-4a80-841f-57c9be70ed5b"
"Earth Observation Satellites","TIROS","TIROS-M","Television Infrared Observation Satellite-M","292335bb-5733-4f54-bb1f-84ab20f838f3"
"Earth Observation Satellites","TIROS","TIROS-N","Television Infrared Observation Satellite-N","51bf313d-a403-412e-b672-a1312e823675"
"Earth Observation Satellites","TIROS","TIROS","Television Infrared Observation Satellite","6096b1ec-25d5-4b9b-9358-a17d8b481646"
"Earth Observation Satellites","TIROS","","","75b34f33-a790-4164-9cc0-02a997279e61"
"Earth Observation Satellites","","AJISAI","Experimental Geodetic Satellite (Japanese EGS)","3a152f3f-de95-4b7a-88c8-7c26fb4ba368"
"Earth Observation Satellites","","ALOS-2","Advanced Land Observing Satellite-2","e4009ba2-7e5d-41ea-b4f9-c45788ad8589"
"Earth Observation Satellites","","ALOS","Advanced Land Observing Satellite","0bf5fb56-9d29-438a-a84f-a60296a2e503"
"Earth Observation Satellites","","ARGON","","d35399a9-d4dc-45f2-b69d-55160ac26d10"
"Earth Observation Satellites","","Aeolus","","e31c4750-9903-4de7-95ef-faa9610f3a63"
"Earth Observation Satellites","","Aquarius_SAC-D","Aquarius SAC-D","e13d801e-19a3-4516-a64c-27f003b3d963"
"Earth Observation Satellites","","Aqua","Earth Observing System, Aqua","ea7fd15d-190d-43f3-bdd3-75f5d88dc3f8"
"Earth Observation Satellites","","Aura","Earth Observing System, Aura","59d2e030-5377-4b5b-92ce-f488d418c45f"
"Earth Observation Satellites","","CASSIOPE","Cascade SmallSat and Ionospheric Polar Explorer","66f5d236-40fb-4a41-96a4-761d48103765"
"Earth Observation Satellites","","CFOSAT","Chinese-French Oceanography Satellite","7c3fab1c-d17e-4e5c-870e-994793c2594e"
"Earth Observation Satellites","","CHAMP","Challenging Minisatellite Payload","f5509236-8a81-4ebe-af91-d65aa58d4ab5"
"Earth Observation Satellites","","CLARREO Pathfinder","","6bfd2526-e039-40e0-9abe-ac370f755d20"
"Earth Observation Satellites","","COMS","Communication, Ocean and Meteorological Satellite","ec484699-009f-4f39-93aa-d11379b4288a"
"Earth Observation Satellites","","CORIOLIS","Coriolis","bac2e743-1d02-4868-8bd6-b8b8741e3794"
"Earth Observation Satellites","","CORONA","","14bedb8d-7d18-4ae6-9882-9cf87bd3824e"
"Earth Observation Satellites","","COSMO-SKYMED","","97116573-f0a2-4e18-8601-77e43b717be6"
"Earth Observation Satellites","","CRRES","Combined Release and Radiation Effects Satellite","c0f0a8dc-bcfd-4959-bb06-692501b9c2bb"
"Earth Observation Satellites","","CRYOSAT","","e377ef25-1612-4b8d-ac98-54e3977d7e31"
"Earth Observation Satellites","","CYGNSS","Cyclone Global Navigation Satellite System","18fd52d4-c60c-4ef5-b39a-960ae9916472"
"Earth Observation Satellites","","DASH-2","","4ccfdd4d-3ec2-412d-b49e-fccf2cdc7c35"
"Earth Observation Satellites","","ENVISAT","Environmental Satellite","a1498dff-002d-4d67-9091-16822c608221"
"Earth Observation Satellites","","EO-1","Earth Observing 1","19a621c6-f735-4972-ab32-fcf001a38a46"
"Earth Observation Satellites","","EP-TOMS","Earth Probe-TOMS","16d6e31d-f61a-4caa-b51d-8648a4e915c9"
"Earth Observation Satellites","","ERBS","Earth Radiation Budget Satellite","d69f8964-e168-489e-9bda-a273f9a3a167"
"Earth Observation Satellites","","EROS-A1","","ca01c6b2-f799-4f8a-bb33-d553a244048e"
"Earth Observation Satellites","","EROS-B1","","ce7434f6-7558-434a-afbf-c29500e4ca0d"
"Earth Observation Satellites","","EXOS-A","","5753c582-923c-4b37-9985-c2dc006c6337"
"Earth Observation Satellites","","EarthCARE","","bf66ef8c-acc5-4c2f-b519-db0cbee37c99"
"Earth Observation Satellites","","FASTSAT-1","Fast, Affordable, Science and Technology SATellite, 1","3fd43f36-3fbf-462b-8a3f-2eb6f5219b3e"
"Earth Observation Satellites","","FLEX","Fluorescence Explorer (FLEX)","acfdfa87-7490-47db-a1dd-94a3bfb6a16d"
"Earth Observation Satellites","","FORMOSAT-2","","2a5acbda-7149-4bf7-8be2-9076f07e9b7f"
"Earth Observation Satellites","","FY-3A","FengYun-3A","2f734fc9-2cfa-4a60-b71e-1357a168fbd1"
"Earth Observation Satellites","","FY-3B","FengYun-3B","f0030752-05f7-404b-9dd1-2b159d6be13e"
"Earth Observation Satellites","","GCOM-C","Global Change Observation Mission – Climate","18512c09-2590-4804-8b43-dd9caea53b5d"
"Earth Observation Satellites","","GCOM-W1","Global Change Observation Mission 1st-Water","8781da14-5ced-4d64-81cd-8daa10a1c30d"
"Earth Observation Satellites","","GEOEYE-1","","47943416-e045-4d6d-b18e-3d1cc51734e0"
"Earth Observation Satellites","","GEOSTATIONARY SATELLITES","","2c8530dc-b6cc-445f-87dc-36e76a1cb29c"
"Earth Observation Satellites","","GFZ-1","GeoForschungsZentrum-1","976e92c4-150c-4068-bed5-60d5f030d7e2"
"Earth Observation Satellites","","GLORY","","40e64334-e37c-4292-8b72-67c93bb24d41"
"Earth Observation Satellites","","GOMS","Geostationary Operational Meteorological Satellite","55823c7c-0503-4012-911e-d503ff62f750"
"Earth Observation Satellites","","GOSAT-2","Green-house gas Observing Satellite - 2","67c230f3-5587-4f74-84d1-4c24a74276e4"
"Earth Observation Satellites","","GOSAT","Greenhouse Gases Observing Satellite","a21322af-38e0-4386-8e9b-9bf25cf30e16"
"Earth Observation Satellites","","GPM","Global Precipitation Measurement","33a893cb-b328-462e-9cb0-d8c27823239e"
"Earth Observation Satellites","","HCMM","Heat Capacity Mapping Mission","20dc9390-40d9-441e-86d2-4ab1e97a276b"
"Earth Observation Satellites","","HEXAGON KH-9","HEXAGON KH-9 Reconnaissance Satellite","7d97b6ca-83de-44e1-8d3b-f45755e38a8d"
"Earth Observation Satellites","","HJ1A","","d65fc363-e9b4-410a-b5e3-8dbd87b510b4"
"Earth Observation Satellites","","HJ1B","","3edef6e1-db0b-4806-b586-8869a7c986ba"
"Earth Observation Satellites","","HY2-A","Haiyang-2A","fe07a2e4-a6cd-401c-af3e-433bbc8c2c98"
"Earth Observation Satellites","","HY2-B","Haiyang-2B","7ef45b8e-ac63-41b2-9e8b-7becfa7d7431"
"Earth Observation Satellites","","ICESat","Ice, Cloud and Land Elevation Satellite","71536bf5-2d19-4c63-a127-95264da38082"
"Earth Observation Satellites","","ICEYE","","42c6ff80-849b-4ef5-b6ff-fd9416b8cf33"
"Earth Observation Satellites","","ICON","Ionospheric Connection Explorer","4a3988a7-f1c6-4c0a-a93b-9221adbca49b"
"Earth Observation Satellites","","IKONOS","","c84a3a2f-b4a1-4306-9fcf-7d22ab12f252"
"Earth Observation Satellites","","IMAGE","Imager for Magnetopause -to - Aurora Global Exploration","95985c5e-3904-4710-8f45-8157f0171a0a"
"Earth Observation Satellites","","JASON-1","","4ea59dad-ed94-453e-a991-62c790a1d101"
"Earth Observation Satellites","","JASON-3","","bffa816a-c210-46ed-81cb-ffdf3310c1a5"
"Earth Observation Satellites","","Kanopus-V","Environmental Satellite Kanopus-V","a93bb213-7862-4aa5-a113-38669e557a76"
"Earth Observation Satellites","","LANYARD","","81d3b212-1f8f-4ac8-8292-dce0eb8f3a9c"
"Earth Observation Satellites","","LAPAN-TUBSAT","","3e634ba7-19fc-45ce-9d50-14e108a567ef"
"Earth Observation Satellites","","LARES","LAser Relativity Satellite","ef053df7-ff76-47f3-a335-5d4e87e51b92"
"Earth Observation Satellites","","MAGSAT","","8ba6dbf3-9537-4c10-8254-128d49ef9c17"
"Earth Observation Satellites","","MIDAS 2","Missile Defense Alarm System 2","cc93fc95-4b03-4d67-ab48-8216434a8944"
"Earth Observation Satellites","","MMS","Magnetospheric Multiscale","76673a7f-44c8-4dde-83c2-1104b060061f"
"Earth Observation Satellites","","MONITOR-E","","11212d0c-dd70-46ff-9082-ce3e44a49280"
"Earth Observation Satellites","","MSTI-2","Miniature Sensor Technology Integration-2","68d7cb26-318b-4149-bb75-adc6e3863483"
"Earth Observation Satellites","","MT1","Megha-Tropiques","9e09177b-bc72-41e9-921a-a4546f89e20a"
"Earth Observation Satellites","","MTSAT-1R","Multi-functional Transport Satellite 1 Replacement","fc4a8eda-b910-4df6-8012-d573e5835707"
"Earth Observation Satellites","","MTSAT-2","The Multi-functional Transport Satellite 2","02db0949-495c-4579-8ff5-d1a9079c88b7"
"Earth Observation Satellites","","MTSAT","Multi-functional Transport Satellite","e3679e9e-5a95-46f4-a856-e51d459469fd"
"Earth Observation Satellites","","Meteor-M N1","Meteorological Satellite Meteor-M N1","34e29a6e-63ef-4701-9f03-4dd233f146f6"
"Earth Observation Satellites","","Meteor-M N2","Meteorological Satellite Meteor-M N2","20e6f8e4-f60d-4ffb-ab85-0423c5078a52"
"Earth Observation Satellites","","NCEP GTS","National Centers for Environmental Prediction Global Telecommunications Systems","efdc8649-0ef2-4d41-999a-2bb104a06f34"
"Earth Observation Satellites","","NISAR","NASA-ISRO Synthetic Aperture Radar","a6fddcb3-881b-484a-bbc9-39591b6359ab"
"Earth Observation Satellites","","NPOESS (National Polar-orbiting Operational Environmental Satellite System )","","45ec5189-ffc5-452d-b365-f6989f1433f1"
"Earth Observation Satellites","","OCO","Orbiting Carbon Observatory","3e77610e-bb50-4c45-a62a-c50194ec16c2"
"Earth Observation Satellites","","ODIN","","1f7c6ae3-d38e-42b7-a874-60298b0fcfa1"
"Earth Observation Satellites","","OKEAN-O","Ukranian-Russian Ocean Remote Sensing System","53d5ea21-07bb-44b5-88e6-3775e90ca528"
"Earth Observation Satellites","","OSTM/JASON-2","","987f0e52-e554-475a-b680-50df620a520e"
"Earth Observation Satellites","","OrbView-1","OSC Microlab-1 Satellite","7a186060-a313-4047-ba21-27a0ffdff8e4"
"Earth Observation Satellites","","OrbView-2","Orbital Sciences Corporation OrbView-2 Satellite","aef85316-b8f8-422a-add0-8130b113fa7d"
"Earth Observation Satellites","","PACE","Plankton, Aerosol, Cloud, ocean Ecosystem mission","eb4175de-3ee7-4897-bbbe-590ad7e09b4f"
"Earth Observation Satellites","","PAGEOS 1","Passive Geodetic Earth Orbiting Satellite 1","43a6ecc5-a1d4-4b89-8d4d-e04a10264ab6"
"Earth Observation Satellites","","PARASOL","","aef6c60c-b5c5-46b9-9a84-d99a9c08b06a"
"Earth Observation Satellites","","PAZ","SAR Observation Spanish Satellite","8ac70aba-53e7-45c0-8b4a-2c0197114b09"
"Earth Observation Satellites","","PROBA-1","Project for On-Board Autonomy, PROBA-1","fe4a4604-029e-4cdc-93f0-6d8799dd25e5"
"Earth Observation Satellites","","PROBA-2","Project for On-Board Autonomy, PROBA-2","ce3e3563-34ff-4a39-8c81-c9856758e403"
"Earth Observation Satellites","","PROBA-3","Project for On-Board Autonomy, PROBA-3","96a26a3b-bd87-462e-b155-f57677bf4b83"
"Earth Observation Satellites","","PlanetScope","","6fffd5bf-1d22-487a-8b4c-495992ef3b28"
"Earth Observation Satellites","","Proba-V","","6f507389-2c7c-41b4-a638-95bdc73b63a3"
"Earth Observation Satellites","","QUICKBIRD-2","DigitalGlobe's QuickBird-2","4240f2ff-8d4a-438d-bbae-f62ae3504922"
"Earth Observation Satellites","","QUICKBIRD","DigitalGlobe's QuickBird","04c144cb-2195-4dd7-a7d3-8dacfb550abd"
"Earth Observation Satellites","","QUIKSCAT","QUIKSCAT","5ab01e26-7baf-4960-bd6e-cb64b47cbfed"
"Earth Observation Satellites","","RAPIDEYE","RapidEye","439293ac-ef6a-4f4c-a578-a57d504e783a"
"Earth Observation Satellites","","RESURS-O1","","75227aec-09d6-47e5-bdd1-4eeed285ff9b"
"Earth Observation Satellites","","Resurs DK 1","Environmental Satellite Resurs-DK N1","ff2141a6-5682-44da-88fc-9a4e78de35ad"
"Earth Observation Satellites","","Resurs-P N1","Environmental Satellite Resurs-P N1","a7560954-fe13-4e8a-bb12-1289154a3a24"
"Earth Observation Satellites","","Resurs-P N2","Environmental Satellite Resurs-P N2","b00d17a2-b509-4b42-86fd-d50bf50cfc3c"
"Earth Observation Satellites","","SAGE-III","Stratospheric Aerosol and Gas Experiment-III","c7063bba-13bf-45e1-be70-7499be35d304"
"Earth Observation Satellites","","SARAL","Satellite with ARgos and ALtiKa","4e62dd32-7776-4646-ae8d-b85d97df415a"
"Earth Observation Satellites","","SATELLITES","","17b1489c-fba7-4252-bf23-b981148343f1"
"Earth Observation Satellites","","SCATSAT-1","Scatterometer Satellite-1","fbfed562-4772-48fe-b2bb-7ebced3a7c9f"
"Earth Observation Satellites","","SCD","Satellites de Coleta de Dados","7b07a0be-b4c9-4837-9521-287bf07198aa"
"Earth Observation Satellites","","SCISAT-1/ACE","Atmospheric Chemistry Experiment","5419ac51-33aa-4f66-bc37-9f2c73846c9e"
"Earth Observation Satellites","","SEASAT 1","Ocean Dynamics Satellite","1bffe898-f4a2-458e-92c5-cd7c9c1cd5f0"
"Earth Observation Satellites","","SENTINEL-6","","0df95c0e-77a5-46b5-94f4-3e5ae1391450"
"Earth Observation Satellites","","SES-14","","8dd76819-1baa-4ccd-8544-23c2923f2d84"
"Earth Observation Satellites","","SME","Solar Mesospheric Explorer","4e357ecc-78bd-4da7-b28a-4b34f61f8587"
"Earth Observation Satellites","","STARLETTE","","9b6eb5b1-08b6-435f-9e25-ad95e017fb32"
"Earth Observation Satellites","","STELLA","","149dcad2-bf7c-4c0c-bb53-5ae32d71ecfb"
"Earth Observation Satellites","","SUNSAT","Stellenbosch University Satellite","8798ac25-d327-4d6e-910f-d06306133f88"
"Earth Observation Satellites","","SkySat","","e9611632-822d-468b-9748-a392991a0718"
"Earth Observation Satellites","","Spire","","da278af5-097b-47e7-903d-4deac395c4de"
"Earth Observation Satellites","","TDX","TanDEM-X","6c21f29b-5dd4-4e96-a6fb-44e4788d1973"
"Earth Observation Satellites","","THEOS","Thai Earth Observation System","84ddaf4a-fe17-4f01-becf-8164ae255b73"
"Earth Observation Satellites","","TIMED","Thermosphere, Ionosphere, Mesosphere Energetics and Dynamics","5ab193bc-b931-41ac-819b-e49391abd272"
"Earth Observation Satellites","","TIPS","Tether Physics and Survivability","7b9c2b8c-0f57-42bc-ab52-ba3cf542f14e"
"Earth Observation Satellites","","TIUNGSAT-1","","f1503638-4366-4025-8d27-6aefedc4c4dd"
"Earth Observation Satellites","","TOPEX/POSEIDON","Ocean Topography Experiment","e5eb6afb-5d3e-4767-ad08-5293c5b2d88b"
"Earth Observation Satellites","","TOPSAT","","24e15a6d-d600-4eb1-9757-022a19f583fe"
"Earth Observation Satellites","","TRMM","Tropical Rainfall Measuring Mission","89c509e6-13f6-4d6e-b46c-0479d2c7d88d"
"Earth Observation Satellites","","TSINGHUA-1","","f9922bc7-cbad-4230-ad65-08c5998a8e0f"
"Earth Observation Satellites","","TSX","TerraSAR-X","a5c7a4c7-bbf4-42df-a754-20cb6b98317a"
"Earth Observation Satellites","","Terra","Earth Observing System, Terra (AM-1)","80eca755-c564-4616-b910-a4c4387b7c54"
"Earth Observation Satellites","","UARS","Upper Atmosphere Research Satellite","b6c5c7d5-ad6a-4cdd-82cc-9259377ff044"
"Earth Observation Satellites","","VANGUARD","","9db79338-5030-45c2-9bf7-c81bfcefb9e1"
"Earth Observation Satellites","","WESTPAC","Western Pacific Laser Satellite","3d031666-2116-4ebc-8daa-3e98ddcf4f60"
"Earth Observation Satellites","","WORLDVIEW-1","","7f13b4d2-9114-4890-ac6d-30da1a333d74"
"Earth Observation Satellites","","WORLDVIEW-2","","ff0ed18d-c476-4dc4-a248-d42ad74bb4a1"
"Earth Observation Satellites","","WORLDVIEW-3","","dfb49f10-0755-464f-96b1-fc037802c86d"
"Earth Observation Satellites","","WORLDVIEW-4","","341b5eb7-19bd-4337-83f3-885730103df1"
"Earth Observation Satellites","","ZEIA","","6365670e-6e12-437d-baa9-d1deecd87fba"
"Earth Observation Satellites","","","","3466eed1-2fbb-49bf-ab0b-dc08731d502b"
